"month","day","year","deaths","date"
"1",1,1,2015,107,2015-01-01
"2",1,2,2015,101,2015-01-02
"3",1,3,2015,78,2015-01-03
"4",1,4,2015,121,2015-01-04
"5",1,5,2015,99,2015-01-05
"6",1,6,2015,104,2015-01-06
"7",1,7,2015,79,2015-01-07
"8",1,8,2015,73,2015-01-08
"9",1,9,2015,90,2015-01-09
"10",1,10,2015,75,2015-01-10
"11",1,11,2015,88,2015-01-11
"12",1,12,2015,85,2015-01-12
"13",1,13,2015,74,2015-01-13
"14",1,14,2015,98,2015-01-14
"15",1,15,2015,88,2015-01-15
"16",1,16,2015,111,2015-01-16
"17",1,17,2015,92,2015-01-17
"18",1,18,2015,90,2015-01-18
"19",1,19,2015,101,2015-01-19
"20",1,20,2015,98,2015-01-20
"21",1,21,2015,105,2015-01-21
"22",1,22,2015,71,2015-01-22
"23",1,23,2015,82,2015-01-23
"24",1,24,2015,84,2015-01-24
"25",1,25,2015,83,2015-01-25
"26",1,26,2015,83,2015-01-26
"27",1,27,2015,73,2015-01-27
"28",1,28,2015,87,2015-01-28
"29",1,29,2015,73,2015-01-29
"30",1,30,2015,78,2015-01-30
"31",1,31,2015,73,2015-01-31
"32",2,1,2015,66,2015-02-01
"33",2,2,2015,114,2015-02-02
"34",2,3,2015,95,2015-02-03
"35",2,4,2015,87,2015-02-04
"36",2,5,2015,84,2015-02-05
"37",2,6,2015,93,2015-02-06
"38",2,7,2015,79,2015-02-07
"39",2,8,2015,94,2015-02-08
"40",2,9,2015,80,2015-02-09
"41",2,10,2015,77,2015-02-10
"42",2,11,2015,109,2015-02-11
"43",2,12,2015,93,2015-02-12
"44",2,13,2015,86,2015-02-13
"45",2,14,2015,67,2015-02-14
"46",2,15,2015,79,2015-02-15
"47",2,16,2015,101,2015-02-16
"48",2,17,2015,81,2015-02-17
"49",2,18,2015,75,2015-02-18
"50",2,19,2015,94,2015-02-19
"51",2,20,2015,79,2015-02-20
"52",2,21,2015,71,2015-02-21
"53",2,22,2015,90,2015-02-22
"54",2,23,2015,85,2015-02-23
"55",2,24,2015,95,2015-02-24
"56",2,25,2015,93,2015-02-25
"57",2,26,2015,77,2015-02-26
"58",2,27,2015,66,2015-02-27
"59",2,28,2015,93,2015-02-28
"60",3,1,2015,82,2015-03-01
"61",3,2,2015,92,2015-03-02
"62",3,3,2015,95,2015-03-03
"63",3,4,2015,77,2015-03-04
"64",3,5,2015,75,2015-03-05
"65",3,6,2015,90,2015-03-06
"66",3,7,2015,76,2015-03-07
"67",3,8,2015,80,2015-03-08
"68",3,9,2015,68,2015-03-09
"69",3,10,2015,80,2015-03-10
"70",3,11,2015,79,2015-03-11
"71",3,12,2015,72,2015-03-12
"72",3,13,2015,80,2015-03-13
"73",3,14,2015,67,2015-03-14
"74",3,15,2015,71,2015-03-15
"75",3,16,2015,89,2015-03-16
"76",3,17,2015,75,2015-03-17
"77",3,18,2015,82,2015-03-18
"78",3,19,2015,92,2015-03-19
"79",3,20,2015,76,2015-03-20
"80",3,21,2015,81,2015-03-21
"81",3,22,2015,62,2015-03-22
"82",3,23,2015,79,2015-03-23
"83",3,24,2015,64,2015-03-24
"84",3,25,2015,75,2015-03-25
"85",3,26,2015,77,2015-03-26
"86",3,27,2015,73,2015-03-27
"87",3,28,2015,76,2015-03-28
"88",3,29,2015,86,2015-03-29
"89",3,30,2015,94,2015-03-30
"90",3,31,2015,62,2015-03-31
"91",4,1,2015,70,2015-04-01
"92",4,2,2015,85,2015-04-02
"93",4,3,2015,80,2015-04-03
"94",4,4,2015,88,2015-04-04
"95",4,5,2015,84,2015-04-05
"96",4,6,2015,82,2015-04-06
"97",4,7,2015,66,2015-04-07
"98",4,8,2015,57,2015-04-08
"99",4,9,2015,73,2015-04-09
"100",4,10,2015,66,2015-04-10
"101",4,11,2015,80,2015-04-11
"102",4,12,2015,93,2015-04-12
"103",4,13,2015,74,2015-04-13
"104",4,14,2015,71,2015-04-14
"105",4,15,2015,86,2015-04-15
"106",4,16,2015,79,2015-04-16
"107",4,17,2015,74,2015-04-17
"108",4,18,2015,71,2015-04-18
"109",4,19,2015,74,2015-04-19
"110",4,20,2015,66,2015-04-20
"111",4,21,2015,73,2015-04-21
"112",4,22,2015,71,2015-04-22
"113",4,23,2015,70,2015-04-23
"114",4,24,2015,67,2015-04-24
"115",4,25,2015,80,2015-04-25
"116",4,26,2015,72,2015-04-26
"117",4,27,2015,69,2015-04-27
"118",4,28,2015,87,2015-04-28
"119",4,29,2015,67,2015-04-29
"120",4,30,2015,84,2015-04-30
"121",5,1,2015,66,2015-05-01
"122",5,2,2015,87,2015-05-02
"123",5,3,2015,77,2015-05-03
"124",5,4,2015,70,2015-05-04
"125",5,5,2015,81,2015-05-05
"126",5,6,2015,89,2015-05-06
"127",5,7,2015,82,2015-05-07
"128",5,8,2015,79,2015-05-08
"129",5,9,2015,85,2015-05-09
"130",5,10,2015,84,2015-05-10
"131",5,11,2015,78,2015-05-11
"132",5,12,2015,64,2015-05-12
"133",5,13,2015,66,2015-05-13
"134",5,14,2015,74,2015-05-14
"135",5,15,2015,81,2015-05-15
"136",5,16,2015,71,2015-05-16
"137",5,17,2015,78,2015-05-17
"138",5,18,2015,70,2015-05-18
"139",5,19,2015,71,2015-05-19
"140",5,20,2015,78,2015-05-20
"141",5,21,2015,88,2015-05-21
"142",5,22,2015,64,2015-05-22
"143",5,23,2015,65,2015-05-23
"144",5,24,2015,87,2015-05-24
"145",5,25,2015,57,2015-05-25
"146",5,26,2015,90,2015-05-26
"147",5,27,2015,65,2015-05-27
"148",5,28,2015,64,2015-05-28
"149",5,29,2015,79,2015-05-29
"150",5,30,2015,66,2015-05-30
"151",5,31,2015,84,2015-05-31
"152",6,1,2015,68,2015-06-01
"153",6,2,2015,76,2015-06-02
"154",6,3,2015,62,2015-06-03
"155",6,4,2015,65,2015-06-04
"156",6,5,2015,82,2015-06-05
"157",6,6,2015,79,2015-06-06
"158",6,7,2015,59,2015-06-07
"159",6,8,2015,65,2015-06-08
"160",6,9,2015,66,2015-06-09
"161",6,10,2015,80,2015-06-10
"162",6,11,2015,58,2015-06-11
"163",6,12,2015,74,2015-06-12
"164",6,13,2015,76,2015-06-13
"165",6,14,2015,61,2015-06-14
"166",6,15,2015,78,2015-06-15
"167",6,16,2015,69,2015-06-16
"168",6,17,2015,87,2015-06-17
"169",6,18,2015,71,2015-06-18
"170",6,19,2015,81,2015-06-19
"171",6,20,2015,65,2015-06-20
"172",6,21,2015,79,2015-06-21
"173",6,22,2015,82,2015-06-22
"174",6,23,2015,73,2015-06-23
"175",6,24,2015,81,2015-06-24
"176",6,25,2015,66,2015-06-25
"177",6,26,2015,84,2015-06-26
"178",6,27,2015,69,2015-06-27
"179",6,28,2015,64,2015-06-28
"180",6,29,2015,61,2015-06-29
"181",6,30,2015,64,2015-06-30
"182",7,1,2015,71,2015-07-01
"183",7,2,2015,67,2015-07-02
"184",7,3,2015,85,2015-07-03
"185",7,4,2015,94,2015-07-04
"186",7,5,2015,63,2015-07-05
"187",7,6,2015,77,2015-07-06
"188",7,7,2015,80,2015-07-07
"189",7,8,2015,83,2015-07-08
"190",7,9,2015,82,2015-07-09
"191",7,10,2015,71,2015-07-10
"192",7,11,2015,75,2015-07-11
"193",7,12,2015,68,2015-07-12
"194",7,13,2015,87,2015-07-13
"195",7,14,2015,80,2015-07-14
"196",7,15,2015,82,2015-07-15
"197",7,16,2015,63,2015-07-16
"198",7,17,2015,79,2015-07-17
"199",7,18,2015,87,2015-07-18
"200",7,19,2015,75,2015-07-19
"201",7,20,2015,102,2015-07-20
"202",7,21,2015,76,2015-07-21
"203",7,22,2015,72,2015-07-22
"204",7,23,2015,79,2015-07-23
"205",7,24,2015,74,2015-07-24
"206",7,25,2015,70,2015-07-25
"207",7,26,2015,74,2015-07-26
"208",7,27,2015,75,2015-07-27
"209",7,28,2015,71,2015-07-28
"210",7,29,2015,68,2015-07-29
"211",7,30,2015,80,2015-07-30
"212",7,31,2015,72,2015-07-31
"213",8,1,2015,69,2015-08-01
"214",8,2,2015,72,2015-08-02
"215",8,3,2015,74,2015-08-03
"216",8,4,2015,92,2015-08-04
"217",8,5,2015,81,2015-08-05
"218",8,6,2015,83,2015-08-06
"219",8,7,2015,81,2015-08-07
"220",8,8,2015,89,2015-08-08
"221",8,9,2015,77,2015-08-09
"222",8,10,2015,74,2015-08-10
"223",8,11,2015,63,2015-08-11
"224",8,12,2015,87,2015-08-12
"225",8,13,2015,83,2015-08-13
"226",8,14,2015,72,2015-08-14
"227",8,15,2015,88,2015-08-15
"228",8,16,2015,58,2015-08-16
"229",8,17,2015,79,2015-08-17
"230",8,18,2015,71,2015-08-18
"231",8,19,2015,90,2015-08-19
"232",8,20,2015,77,2015-08-20
"233",8,21,2015,81,2015-08-21
"234",8,22,2015,75,2015-08-22
"235",8,23,2015,85,2015-08-23
"236",8,24,2015,100,2015-08-24
"237",8,25,2015,79,2015-08-25
"238",8,26,2015,73,2015-08-26
"239",8,27,2015,70,2015-08-27
"240",8,28,2015,73,2015-08-28
"241",8,29,2015,80,2015-08-29
"242",8,30,2015,78,2015-08-30
"243",8,31,2015,73,2015-08-31
"244",9,1,2015,75,2015-09-01
"245",9,2,2015,77,2015-09-02
"246",9,3,2015,67,2015-09-03
"247",9,4,2015,71,2015-09-04
"248",9,5,2015,62,2015-09-05
"249",9,6,2015,77,2015-09-06
"250",9,7,2015,85,2015-09-07
"251",9,8,2015,84,2015-09-08
"252",9,9,2015,79,2015-09-09
"253",9,10,2015,66,2015-09-10
"254",9,11,2015,92,2015-09-11
"255",9,12,2015,79,2015-09-12
"256",9,13,2015,81,2015-09-13
"257",9,14,2015,70,2015-09-14
"258",9,15,2015,87,2015-09-15
"259",9,16,2015,70,2015-09-16
"260",9,17,2015,70,2015-09-17
"261",9,18,2015,76,2015-09-18
"262",9,19,2015,81,2015-09-19
"263",9,20,2015,69,2015-09-20
"264",9,21,2015,70,2015-09-21
"265",9,22,2015,68,2015-09-22
"266",9,23,2015,70,2015-09-23
"267",9,24,2015,78,2015-09-24
"268",9,25,2015,60,2015-09-25
"269",9,26,2015,76,2015-09-26
"270",9,27,2015,78,2015-09-27
"271",9,28,2015,84,2015-09-28
"272",9,29,2015,83,2015-09-29
"273",9,30,2015,73,2015-09-30
"274",10,1,2015,74,2015-10-01
"275",10,2,2015,84,2015-10-02
"276",10,3,2015,77,2015-10-03
"277",10,4,2015,99,2015-10-04
"278",10,5,2015,96,2015-10-05
"279",10,6,2015,68,2015-10-06
"280",10,7,2015,66,2015-10-07
"281",10,8,2015,79,2015-10-08
"282",10,9,2015,73,2015-10-09
"283",10,10,2015,74,2015-10-10
"284",10,11,2015,90,2015-10-11
"285",10,12,2015,82,2015-10-12
"286",10,13,2015,71,2015-10-13
"287",10,14,2015,75,2015-10-14
"288",10,15,2015,77,2015-10-15
"289",10,16,2015,80,2015-10-16
"290",10,17,2015,69,2015-10-17
"291",10,18,2015,84,2015-10-18
"292",10,19,2015,73,2015-10-19
"293",10,20,2015,77,2015-10-20
"294",10,21,2015,79,2015-10-21
"295",10,22,2015,77,2015-10-22
"296",10,23,2015,74,2015-10-23
"297",10,24,2015,78,2015-10-24
"298",10,25,2015,72,2015-10-25
"299",10,26,2015,60,2015-10-26
"300",10,27,2015,71,2015-10-27
"301",10,28,2015,75,2015-10-28
"302",10,29,2015,76,2015-10-29
"303",10,30,2015,88,2015-10-30
"304",10,31,2015,75,2015-10-31
"305",11,1,2015,77,2015-11-01
"306",11,2,2015,71,2015-11-02
"307",11,3,2015,83,2015-11-03
"308",11,4,2015,58,2015-11-04
"309",11,5,2015,66,2015-11-05
"310",11,6,2015,70,2015-11-06
"311",11,7,2015,62,2015-11-07
"312",11,8,2015,73,2015-11-08
"313",11,9,2015,73,2015-11-09
"314",11,10,2015,62,2015-11-10
"315",11,11,2015,74,2015-11-11
"316",11,12,2015,77,2015-11-12
"317",11,13,2015,77,2015-11-13
"318",11,14,2015,78,2015-11-14
"319",11,15,2015,77,2015-11-15
"320",11,16,2015,74,2015-11-16
"321",11,17,2015,81,2015-11-17
"322",11,18,2015,62,2015-11-18
"323",11,19,2015,79,2015-11-19
"324",11,20,2015,90,2015-11-20
"325",11,21,2015,64,2015-11-21
"326",11,22,2015,91,2015-11-22
"327",11,23,2015,83,2015-11-23
"328",11,24,2015,81,2015-11-24
"329",11,25,2015,80,2015-11-25
"330",11,26,2015,70,2015-11-26
"331",11,27,2015,102,2015-11-27
"332",11,28,2015,85,2015-11-28
"333",11,29,2015,49,2015-11-29
"334",11,30,2015,99,2015-11-30
"335",12,1,2015,82,2015-12-01
"336",12,2,2015,87,2015-12-02
"337",12,3,2015,83,2015-12-03
"338",12,4,2015,78,2015-12-04
"339",12,5,2015,69,2015-12-05
"340",12,6,2015,69,2015-12-06
"341",12,7,2015,77,2015-12-07
"342",12,8,2015,85,2015-12-08
"343",12,9,2015,86,2015-12-09
"344",12,10,2015,78,2015-12-10
"345",12,11,2015,73,2015-12-11
"346",12,12,2015,80,2015-12-12
"347",12,13,2015,75,2015-12-13
"348",12,14,2015,77,2015-12-14
"349",12,15,2015,75,2015-12-15
"350",12,16,2015,95,2015-12-16
"351",12,17,2015,70,2015-12-17
"352",12,18,2015,107,2015-12-18
"353",12,19,2015,88,2015-12-19
"354",12,20,2015,87,2015-12-20
"355",12,21,2015,79,2015-12-21
"356",12,22,2015,74,2015-12-22
"357",12,23,2015,90,2015-12-23
"358",12,24,2015,96,2015-12-24
"359",12,25,2015,90,2015-12-25
"360",12,26,2015,69,2015-12-26
"361",12,27,2015,75,2015-12-27
"362",12,28,2015,79,2015-12-28
"363",12,29,2015,80,2015-12-29
"364",12,30,2015,93,2015-12-30
"365",12,31,2015,70,2015-12-31
"366",1,1,2016,89,2016-01-01
"367",1,2,2016,88,2016-01-02
"368",1,3,2016,79,2016-01-03
"369",1,4,2016,90,2016-01-04
"370",1,5,2016,80,2016-01-05
"371",1,6,2016,96,2016-01-06
"372",1,7,2016,92,2016-01-07
"373",1,8,2016,77,2016-01-08
"374",1,9,2016,86,2016-01-09
"375",1,10,2016,90,2016-01-10
"376",1,11,2016,86,2016-01-11
"377",1,12,2016,81,2016-01-12
"378",1,13,2016,79,2016-01-13
"379",1,14,2016,87,2016-01-14
"380",1,15,2016,94,2016-01-15
"381",1,16,2016,99,2016-01-16
"382",1,17,2016,92,2016-01-17
"383",1,18,2016,83,2016-01-18
"384",1,19,2016,81,2016-01-19
"385",1,20,2016,100,2016-01-20
"386",1,21,2016,81,2016-01-21
"387",1,22,2016,87,2016-01-22
"388",1,23,2016,92,2016-01-23
"389",1,24,2016,100,2016-01-24
"390",1,25,2016,92,2016-01-25
"391",1,26,2016,98,2016-01-26
"392",1,27,2016,91,2016-01-27
"393",1,28,2016,98,2016-01-28
"394",1,29,2016,92,2016-01-29
"395",1,30,2016,90,2016-01-30
"396",1,31,2016,72,2016-01-31
"397",2,1,2016,111,2016-02-01
"398",2,2,2016,95,2016-02-02
"399",2,3,2016,119,2016-02-03
"400",2,4,2016,89,2016-02-04
"401",2,5,2016,109,2016-02-05
"402",2,6,2016,87,2016-02-06
"403",2,7,2016,94,2016-02-07
"404",2,8,2016,94,2016-02-08
"405",2,9,2016,79,2016-02-09
"406",2,10,2016,102,2016-02-10
"407",2,11,2016,92,2016-02-11
"408",2,12,2016,88,2016-02-12
"409",2,13,2016,97,2016-02-13
"410",2,14,2016,84,2016-02-14
"411",2,15,2016,93,2016-02-15
"412",2,16,2016,78,2016-02-16
"413",2,17,2016,85,2016-02-17
"414",2,18,2016,79,2016-02-18
"415",2,19,2016,107,2016-02-19
"416",2,20,2016,72,2016-02-20
"417",2,21,2016,83,2016-02-21
"418",2,22,2016,83,2016-02-22
"419",2,23,2016,83,2016-02-23
"420",2,24,2016,102,2016-02-24
"421",2,25,2016,73,2016-02-25
"422",2,26,2016,82,2016-02-26
"423",2,27,2016,93,2016-02-27
"424",2,28,2016,69,2016-02-28
"425",2,29,2016,70,2016-02-29
"426",3,1,2016,73,2016-03-01
"427",3,2,2016,69,2016-03-02
"428",3,3,2016,67,2016-03-03
"429",3,4,2016,88,2016-03-04
"430",3,5,2016,77,2016-03-05
"431",3,6,2016,69,2016-03-06
"432",3,7,2016,85,2016-03-07
"433",3,8,2016,80,2016-03-08
"434",3,9,2016,69,2016-03-09
"435",3,10,2016,77,2016-03-10
"436",3,11,2016,84,2016-03-11
"437",3,12,2016,72,2016-03-12
"438",3,13,2016,85,2016-03-13
"439",3,14,2016,83,2016-03-14
"440",3,15,2016,77,2016-03-15
"441",3,16,2016,80,2016-03-16
"442",3,17,2016,69,2016-03-17
"443",3,18,2016,77,2016-03-18
"444",3,19,2016,95,2016-03-19
"445",3,20,2016,94,2016-03-20
"446",3,21,2016,90,2016-03-21
"447",3,22,2016,83,2016-03-22
"448",3,23,2016,82,2016-03-23
"449",3,24,2016,81,2016-03-24
"450",3,25,2016,86,2016-03-25
"451",3,26,2016,82,2016-03-26
"452",3,27,2016,78,2016-03-27
"453",3,28,2016,70,2016-03-28
"454",3,29,2016,78,2016-03-29
"455",3,30,2016,77,2016-03-30
"456",3,31,2016,81,2016-03-31
"457",4,1,2016,79,2016-04-01
"458",4,2,2016,53,2016-04-02
"459",4,3,2016,77,2016-04-03
"460",4,4,2016,92,2016-04-04
"461",4,5,2016,75,2016-04-05
"462",4,6,2016,68,2016-04-06
"463",4,7,2016,84,2016-04-07
"464",4,8,2016,88,2016-04-08
"465",4,9,2016,65,2016-04-09
"466",4,10,2016,73,2016-04-10
"467",4,11,2016,83,2016-04-11
"468",4,12,2016,65,2016-04-12
"469",4,13,2016,68,2016-04-13
"470",4,14,2016,84,2016-04-14
"471",4,15,2016,74,2016-04-15
"472",4,16,2016,80,2016-04-16
"473",4,17,2016,77,2016-04-17
"474",4,18,2016,82,2016-04-18
"475",4,19,2016,62,2016-04-19
"476",4,20,2016,75,2016-04-20
"477",4,21,2016,73,2016-04-21
"478",4,22,2016,64,2016-04-22
"479",4,23,2016,88,2016-04-23
"480",4,24,2016,73,2016-04-24
"481",4,25,2016,81,2016-04-25
"482",4,26,2016,68,2016-04-26
"483",4,27,2016,76,2016-04-27
"484",4,28,2016,73,2016-04-28
"485",4,29,2016,77,2016-04-29
"486",4,30,2016,64,2016-04-30
"487",5,1,2016,74,2016-05-01
"488",5,2,2016,59,2016-05-02
"489",5,3,2016,74,2016-05-03
"490",5,4,2016,53,2016-05-04
"491",5,5,2016,84,2016-05-05
"492",5,6,2016,68,2016-05-06
"493",5,7,2016,71,2016-05-07
"494",5,8,2016,79,2016-05-08
"495",5,9,2016,80,2016-05-09
"496",5,10,2016,81,2016-05-10
"497",5,11,2016,68,2016-05-11
"498",5,12,2016,85,2016-05-12
"499",5,13,2016,69,2016-05-13
"500",5,14,2016,62,2016-05-14
"501",5,15,2016,76,2016-05-15
"502",5,16,2016,67,2016-05-16
"503",5,17,2016,67,2016-05-17
"504",5,18,2016,83,2016-05-18
"505",5,19,2016,72,2016-05-19
"506",5,20,2016,89,2016-05-20
"507",5,21,2016,78,2016-05-21
"508",5,22,2016,81,2016-05-22
"509",5,23,2016,87,2016-05-23
"510",5,24,2016,85,2016-05-24
"511",5,25,2016,82,2016-05-25
"512",5,26,2016,67,2016-05-26
"513",5,27,2016,80,2016-05-27
"514",5,28,2016,69,2016-05-28
"515",5,29,2016,77,2016-05-29
"516",5,30,2016,69,2016-05-30
"517",5,31,2016,76,2016-05-31
"518",6,1,2016,74,2016-06-01
"519",6,2,2016,71,2016-06-02
"520",6,3,2016,70,2016-06-03
"521",6,4,2016,102,2016-06-04
"522",6,5,2016,80,2016-06-05
"523",6,6,2016,84,2016-06-06
"524",6,7,2016,74,2016-06-07
"525",6,8,2016,77,2016-06-08
"526",6,9,2016,76,2016-06-09
"527",6,10,2016,77,2016-06-10
"528",6,11,2016,97,2016-06-11
"529",6,12,2016,70,2016-06-12
"530",6,13,2016,81,2016-06-13
"531",6,14,2016,90,2016-06-14
"532",6,15,2016,66,2016-06-15
"533",6,16,2016,93,2016-06-16
"534",6,17,2016,68,2016-06-17
"535",6,18,2016,90,2016-06-18
"536",6,19,2016,77,2016-06-19
"537",6,20,2016,83,2016-06-20
"538",6,21,2016,70,2016-06-21
"539",6,22,2016,76,2016-06-22
"540",6,23,2016,67,2016-06-23
"541",6,24,2016,77,2016-06-24
"542",6,25,2016,77,2016-06-25
"543",6,26,2016,71,2016-06-26
"544",6,27,2016,85,2016-06-27
"545",6,28,2016,82,2016-06-28
"546",6,29,2016,77,2016-06-29
"547",6,30,2016,73,2016-06-30
"548",7,1,2016,84,2016-07-01
"549",7,2,2016,75,2016-07-02
"550",7,3,2016,69,2016-07-03
"551",7,4,2016,102,2016-07-04
"552",7,5,2016,82,2016-07-05
"553",7,6,2016,103,2016-07-06
"554",7,7,2016,82,2016-07-07
"555",7,8,2016,72,2016-07-08
"556",7,9,2016,74,2016-07-09
"557",7,10,2016,77,2016-07-10
"558",7,11,2016,89,2016-07-11
"559",7,12,2016,71,2016-07-12
"560",7,13,2016,82,2016-07-13
"561",7,14,2016,84,2016-07-14
"562",7,15,2016,62,2016-07-15
"563",7,16,2016,83,2016-07-16
"564",7,17,2016,77,2016-07-17
"565",7,18,2016,84,2016-07-18
"566",7,19,2016,67,2016-07-19
"567",7,20,2016,95,2016-07-20
"568",7,21,2016,71,2016-07-21
"569",7,22,2016,58,2016-07-22
"570",7,23,2016,70,2016-07-23
"571",7,24,2016,83,2016-07-24
"572",7,25,2016,90,2016-07-25
"573",7,26,2016,91,2016-07-26
"574",7,27,2016,77,2016-07-27
"575",7,28,2016,82,2016-07-28
"576",7,29,2016,69,2016-07-29
"577",7,30,2016,70,2016-07-30
"578",7,31,2016,81,2016-07-31
"579",8,1,2016,65,2016-08-01
"580",8,2,2016,79,2016-08-02
"581",8,3,2016,78,2016-08-03
"582",8,4,2016,78,2016-08-04
"583",8,5,2016,54,2016-08-05
"584",8,6,2016,62,2016-08-06
"585",8,7,2016,78,2016-08-07
"586",8,8,2016,78,2016-08-08
"587",8,9,2016,75,2016-08-09
"588",8,10,2016,62,2016-08-10
"589",8,11,2016,76,2016-08-11
"590",8,12,2016,89,2016-08-12
"591",8,13,2016,77,2016-08-13
"592",8,14,2016,80,2016-08-14
"593",8,15,2016,69,2016-08-15
"594",8,16,2016,73,2016-08-16
"595",8,17,2016,72,2016-08-17
"596",8,18,2016,79,2016-08-18
"597",8,19,2016,76,2016-08-19
"598",8,20,2016,76,2016-08-20
"599",8,21,2016,73,2016-08-21
"600",8,22,2016,87,2016-08-22
"601",8,23,2016,68,2016-08-23
"602",8,24,2016,64,2016-08-24
"603",8,25,2016,82,2016-08-25
"604",8,26,2016,72,2016-08-26
"605",8,27,2016,73,2016-08-27
"606",8,28,2016,67,2016-08-28
"607",8,29,2016,76,2016-08-29
"608",8,30,2016,69,2016-08-30
"609",8,31,2016,65,2016-08-31
"610",9,1,2016,75,2016-09-01
"611",9,2,2016,67,2016-09-02
"612",9,3,2016,78,2016-09-03
"613",9,4,2016,99,2016-09-04
"614",9,5,2016,89,2016-09-05
"615",9,6,2016,74,2016-09-06
"616",9,7,2016,67,2016-09-07
"617",9,8,2016,77,2016-09-08
"618",9,9,2016,90,2016-09-09
"619",9,10,2016,73,2016-09-10
"620",9,11,2016,78,2016-09-11
"621",9,12,2016,66,2016-09-12
"622",9,13,2016,88,2016-09-13
"623",9,14,2016,81,2016-09-14
"624",9,15,2016,91,2016-09-15
"625",9,16,2016,71,2016-09-16
"626",9,17,2016,68,2016-09-17
"627",9,18,2016,79,2016-09-18
"628",9,19,2016,82,2016-09-19
"629",9,20,2016,79,2016-09-20
"630",9,21,2016,67,2016-09-21
"631",9,22,2016,97,2016-09-22
"632",9,23,2016,71,2016-09-23
"633",9,24,2016,79,2016-09-24
"634",9,25,2016,75,2016-09-25
"635",9,26,2016,82,2016-09-26
"636",9,27,2016,82,2016-09-27
"637",9,28,2016,81,2016-09-28
"638",9,29,2016,70,2016-09-29
"639",9,30,2016,91,2016-09-30
"640",10,1,2016,90,2016-10-01
"641",10,2,2016,67,2016-10-02
"642",10,3,2016,82,2016-10-03
"643",10,4,2016,78,2016-10-04
"644",10,5,2016,82,2016-10-05
"645",10,6,2016,78,2016-10-06
"646",10,7,2016,85,2016-10-07
"647",10,8,2016,77,2016-10-08
"648",10,9,2016,76,2016-10-09
"649",10,10,2016,86,2016-10-10
"650",10,11,2016,77,2016-10-11
"651",10,12,2016,79,2016-10-12
"652",10,13,2016,70,2016-10-13
"653",10,14,2016,73,2016-10-14
"654",10,15,2016,78,2016-10-15
"655",10,16,2016,77,2016-10-16
"656",10,17,2016,75,2016-10-17
"657",10,18,2016,68,2016-10-18
"658",10,19,2016,72,2016-10-19
"659",10,20,2016,79,2016-10-20
"660",10,21,2016,74,2016-10-21
"661",10,22,2016,101,2016-10-22
"662",10,23,2016,68,2016-10-23
"663",10,24,2016,69,2016-10-24
"664",10,25,2016,63,2016-10-25
"665",10,26,2016,71,2016-10-26
"666",10,27,2016,67,2016-10-27
"667",10,28,2016,73,2016-10-28
"668",10,29,2016,78,2016-10-29
"669",10,30,2016,79,2016-10-30
"670",10,31,2016,65,2016-10-31
"671",11,1,2016,84,2016-11-01
"672",11,2,2016,72,2016-11-02
"673",11,3,2016,74,2016-11-03
"674",11,4,2016,97,2016-11-04
"675",11,5,2016,77,2016-11-05
"676",11,6,2016,97,2016-11-06
"677",11,7,2016,77,2016-11-07
"678",11,8,2016,77,2016-11-08
"679",11,9,2016,82,2016-11-09
"680",11,10,2016,73,2016-11-10
"681",11,11,2016,85,2016-11-11
"682",11,12,2016,79,2016-11-12
"683",11,13,2016,79,2016-11-13
"684",11,14,2016,90,2016-11-14
"685",11,15,2016,79,2016-11-15
"686",11,16,2016,76,2016-11-16
"687",11,17,2016,78,2016-11-17
"688",11,18,2016,84,2016-11-18
"689",11,19,2016,100,2016-11-19
"690",11,20,2016,82,2016-11-20
"691",11,21,2016,91,2016-11-21
"692",11,22,2016,71,2016-11-22
"693",11,23,2016,87,2016-11-23
"694",11,24,2016,82,2016-11-24
"695",11,25,2016,66,2016-11-25
"696",11,26,2016,91,2016-11-26
"697",11,27,2016,87,2016-11-27
"698",11,28,2016,89,2016-11-28
"699",11,29,2016,90,2016-11-29
"700",11,30,2016,88,2016-11-30
"701",12,1,2016,77,2016-12-01
"702",12,2,2016,88,2016-12-02
"703",12,3,2016,67,2016-12-03
"704",12,4,2016,78,2016-12-04
"705",12,5,2016,82,2016-12-05
"706",12,6,2016,106,2016-12-06
"707",12,7,2016,80,2016-12-07
"708",12,8,2016,87,2016-12-08
"709",12,9,2016,103,2016-12-09
"710",12,10,2016,102,2016-12-10
"711",12,11,2016,89,2016-12-11
"712",12,12,2016,107,2016-12-12
"713",12,13,2016,87,2016-12-13
"714",12,14,2016,70,2016-12-14
"715",12,15,2016,85,2016-12-15
"716",12,16,2016,78,2016-12-16
"717",12,17,2016,83,2016-12-17
"718",12,18,2016,99,2016-12-18
"719",12,19,2016,78,2016-12-19
"720",12,20,2016,84,2016-12-20
"721",12,21,2016,91,2016-12-21
"722",12,22,2016,109,2016-12-22
"723",12,23,2016,96,2016-12-23
"724",12,24,2016,125,2016-12-24
"725",12,25,2016,85,2016-12-25
"726",12,26,2016,107,2016-12-26
"727",12,27,2016,114,2016-12-27
"728",12,28,2016,95,2016-12-28
"729",12,29,2016,88,2016-12-29
"730",12,30,2016,94,2016-12-30
"731",12,31,2016,120,2016-12-31
"732",1,1,2017,107,2017-01-01
"733",1,2,2017,108,2017-01-02
"734",1,3,2017,115,2017-01-03
"735",1,4,2017,81,2017-01-04
"736",1,5,2017,79,2017-01-05
"737",1,6,2017,90,2017-01-06
"738",1,7,2017,116,2017-01-07
"739",1,8,2017,108,2017-01-08
"740",1,9,2017,81,2017-01-09
"741",1,10,2017,85,2017-01-10
"742",1,11,2017,77,2017-01-11
"743",1,12,2017,75,2017-01-12
"744",1,13,2017,84,2017-01-13
"745",1,14,2017,103,2017-01-14
"746",1,15,2017,104,2017-01-15
"747",1,16,2017,103,2017-01-16
"748",1,17,2017,85,2017-01-17
"749",1,18,2017,94,2017-01-18
"750",1,19,2017,91,2017-01-19
"751",1,20,2017,88,2017-01-20
"752",1,21,2017,102,2017-01-21
"753",1,22,2017,90,2017-01-22
"754",1,23,2017,95,2017-01-23
"755",1,24,2017,87,2017-01-24
"756",1,25,2017,96,2017-01-25
"757",1,26,2017,94,2017-01-26
"758",1,27,2017,81,2017-01-27
"759",1,28,2017,99,2017-01-28
"760",1,29,2017,97,2017-01-29
"761",1,30,2017,97,2017-01-30
"762",1,31,2017,82,2017-01-31
"763",2,1,2017,93,2017-02-01
"764",2,2,2017,88,2017-02-02
"765",2,3,2017,68,2017-02-03
"766",2,4,2017,76,2017-02-04
"767",2,5,2017,71,2017-02-05
"768",2,6,2017,81,2017-02-06
"769",2,7,2017,94,2017-02-07
"770",2,8,2017,82,2017-02-08
"771",2,9,2017,105,2017-02-09
"772",2,10,2017,79,2017-02-10
"773",2,11,2017,89,2017-02-11
"774",2,12,2017,86,2017-02-12
"775",2,13,2017,67,2017-02-13
"776",2,14,2017,86,2017-02-14
"777",2,15,2017,85,2017-02-15
"778",2,16,2017,73,2017-02-16
"779",2,17,2017,86,2017-02-17
"780",2,18,2017,87,2017-02-18
"781",2,19,2017,89,2017-02-19
"782",2,20,2017,84,2017-02-20
"783",2,21,2017,78,2017-02-21
"784",2,22,2017,81,2017-02-22
"785",2,23,2017,79,2017-02-23
"786",2,24,2017,82,2017-02-24
"787",2,25,2017,75,2017-02-25
"788",2,26,2017,76,2017-02-26
"789",2,27,2017,91,2017-02-27
"790",2,28,2017,84,2017-02-28
"791",3,1,2017,73,2017-03-01
"792",3,2,2017,89,2017-03-02
"793",3,3,2017,57,2017-03-03
"794",3,4,2017,90,2017-03-04
"795",3,5,2017,92,2017-03-05
"796",3,6,2017,78,2017-03-06
"797",3,7,2017,78,2017-03-07
"798",3,8,2017,81,2017-03-08
"799",3,9,2017,93,2017-03-09
"800",3,10,2017,97,2017-03-10
"801",3,11,2017,95,2017-03-11
"802",3,12,2017,81,2017-03-12
"803",3,13,2017,89,2017-03-13
"804",3,14,2017,69,2017-03-14
"805",3,15,2017,69,2017-03-15
"806",3,16,2017,82,2017-03-16
"807",3,17,2017,91,2017-03-17
"808",3,18,2017,70,2017-03-18
"809",3,19,2017,82,2017-03-19
"810",3,20,2017,82,2017-03-20
"811",3,21,2017,76,2017-03-21
"812",3,22,2017,89,2017-03-22
"813",3,23,2017,73,2017-03-23
"814",3,24,2017,78,2017-03-24
"815",3,25,2017,88,2017-03-25
"816",3,26,2017,80,2017-03-26
"817",3,27,2017,88,2017-03-27
"818",3,28,2017,67,2017-03-28
"819",3,29,2017,73,2017-03-29
"820",3,30,2017,72,2017-03-30
"821",3,31,2017,72,2017-03-31
"822",4,1,2017,89,2017-04-01
"823",4,2,2017,94,2017-04-02
"824",4,3,2017,81,2017-04-03
"825",4,4,2017,92,2017-04-04
"826",4,5,2017,57,2017-04-05
"827",4,6,2017,72,2017-04-06
"828",4,7,2017,80,2017-04-07
"829",4,8,2017,88,2017-04-08
"830",4,9,2017,86,2017-04-09
"831",4,10,2017,88,2017-04-10
"832",4,11,2017,86,2017-04-11
"833",4,12,2017,82,2017-04-12
"834",4,13,2017,74,2017-04-13
"835",4,14,2017,77,2017-04-14
"836",4,15,2017,74,2017-04-15
"837",4,16,2017,80,2017-04-16
"838",4,17,2017,79,2017-04-17
"839",4,18,2017,73,2017-04-18
"840",4,19,2017,82,2017-04-19
"841",4,20,2017,84,2017-04-20
"842",4,21,2017,70,2017-04-21
"843",4,22,2017,71,2017-04-22
"844",4,23,2017,84,2017-04-23
"845",4,24,2017,73,2017-04-24
"846",4,25,2017,90,2017-04-25
"847",4,26,2017,81,2017-04-26
"848",4,27,2017,65,2017-04-27
"849",4,28,2017,64,2017-04-28
"850",4,29,2017,97,2017-04-29
"851",4,30,2017,79,2017-04-30
"852",5,1,2017,62,2017-05-01
"853",5,2,2017,93,2017-05-02
"854",5,3,2017,73,2017-05-03
"855",5,4,2017,80,2017-05-04
"856",5,5,2017,62,2017-05-05
"857",5,6,2017,59,2017-05-06
"858",5,7,2017,87,2017-05-07
"859",5,8,2017,70,2017-05-08
"860",5,9,2017,87,2017-05-09
"861",5,10,2017,57,2017-05-10
"862",5,11,2017,69,2017-05-11
"863",5,12,2017,78,2017-05-12
"864",5,13,2017,86,2017-05-13
"865",5,14,2017,81,2017-05-14
"866",5,15,2017,85,2017-05-15
"867",5,16,2017,94,2017-05-16
"868",5,17,2017,85,2017-05-17
"869",5,18,2017,74,2017-05-18
"870",5,19,2017,77,2017-05-19
"871",5,20,2017,70,2017-05-20
"872",5,21,2017,83,2017-05-21
"873",5,22,2017,84,2017-05-22
"874",5,23,2017,68,2017-05-23
"875",5,24,2017,81,2017-05-24
"876",5,25,2017,83,2017-05-25
"877",5,26,2017,91,2017-05-26
"878",5,27,2017,88,2017-05-27
"879",5,28,2017,62,2017-05-28
"880",5,29,2017,72,2017-05-29
"881",5,30,2017,71,2017-05-30
"882",5,31,2017,78,2017-05-31
"883",6,1,2017,75,2017-06-01
"884",6,2,2017,75,2017-06-02
"885",6,3,2017,82,2017-06-03
"886",6,4,2017,83,2017-06-04
"887",6,5,2017,78,2017-06-05
"888",6,6,2017,70,2017-06-06
"889",6,7,2017,96,2017-06-07
"890",6,8,2017,65,2017-06-08
"891",6,9,2017,61,2017-06-09
"892",6,10,2017,72,2017-06-10
"893",6,11,2017,79,2017-06-11
"894",6,12,2017,95,2017-06-12
"895",6,13,2017,80,2017-06-13
"896",6,14,2017,82,2017-06-14
"897",6,15,2017,77,2017-06-15
"898",6,16,2017,97,2017-06-16
"899",6,17,2017,80,2017-06-17
"900",6,18,2017,74,2017-06-18
"901",6,19,2017,79,2017-06-19
"902",6,20,2017,76,2017-06-20
"903",6,21,2017,75,2017-06-21
"904",6,22,2017,77,2017-06-22
"905",6,23,2017,83,2017-06-23
"906",6,24,2017,86,2017-06-24
"907",6,25,2017,88,2017-06-25
"908",6,26,2017,82,2017-06-26
"909",6,27,2017,74,2017-06-27
"910",6,28,2017,88,2017-06-28
"911",6,29,2017,62,2017-06-29
"912",6,30,2017,78,2017-06-30
"913",7,1,2017,78,2017-07-01
"914",7,2,2017,82,2017-07-02
"915",7,3,2017,82,2017-07-03
"916",7,4,2017,65,2017-07-04
"917",7,5,2017,83,2017-07-05
"918",7,6,2017,74,2017-07-06
"919",7,7,2017,71,2017-07-07
"920",7,8,2017,73,2017-07-08
"921",7,9,2017,60,2017-07-09
"922",7,10,2017,71,2017-07-10
"923",7,11,2017,74,2017-07-11
"924",7,12,2017,65,2017-07-12
"925",7,13,2017,89,2017-07-13
"926",7,14,2017,80,2017-07-14
"927",7,15,2017,76,2017-07-15
"928",7,16,2017,89,2017-07-16
"929",7,17,2017,85,2017-07-17
"930",7,18,2017,68,2017-07-18
"931",7,19,2017,71,2017-07-19
"932",7,20,2017,65,2017-07-20
"933",7,21,2017,68,2017-07-21
"934",7,22,2017,95,2017-07-22
"935",7,23,2017,83,2017-07-23
"936",7,24,2017,84,2017-07-24
"937",7,25,2017,66,2017-07-25
"938",7,26,2017,78,2017-07-26
"939",7,27,2017,72,2017-07-27
"940",7,28,2017,80,2017-07-28
"941",7,29,2017,84,2017-07-29
"942",7,30,2017,90,2017-07-30
"943",7,31,2017,66,2017-07-31
"944",8,1,2017,105,2017-08-01
"945",8,2,2017,73,2017-08-02
"946",8,3,2017,87,2017-08-03
"947",8,4,2017,82,2017-08-04
"948",8,5,2017,79,2017-08-05
"949",8,6,2017,70,2017-08-06
"950",8,7,2017,74,2017-08-07
"951",8,8,2017,67,2017-08-08
"952",8,9,2017,71,2017-08-09
"953",8,10,2017,73,2017-08-10
"954",8,11,2017,79,2017-08-11
"955",8,12,2017,77,2017-08-12
"956",8,13,2017,87,2017-08-13
"957",8,14,2017,70,2017-08-14
"958",8,15,2017,79,2017-08-15
"959",8,16,2017,71,2017-08-16
"960",8,17,2017,66,2017-08-17
"961",8,18,2017,70,2017-08-18
"962",8,19,2017,77,2017-08-19
"963",8,20,2017,70,2017-08-20
"964",8,21,2017,76,2017-08-21
"965",8,22,2017,65,2017-08-22
"966",8,23,2017,69,2017-08-23
"967",8,24,2017,73,2017-08-24
"968",8,25,2017,66,2017-08-25
"969",8,26,2017,73,2017-08-26
"970",8,27,2017,97,2017-08-27
"971",8,28,2017,57,2017-08-28
"972",8,29,2017,80,2017-08-29
"973",8,30,2017,62,2017-08-30
"974",8,31,2017,76,2017-08-31
"975",9,1,2017,94,2017-09-01
"976",9,2,2017,69,2017-09-02
"977",9,3,2017,80,2017-09-03
"978",9,4,2017,84,2017-09-04
"979",9,5,2017,74,2017-09-05
"980",9,6,2017,83,2017-09-06
"981",9,7,2017,87,2017-09-07
"982",9,8,2017,94,2017-09-08
"983",9,9,2017,72,2017-09-09
"984",9,10,2017,98,2017-09-10
"985",9,11,2017,92,2017-09-11
"986",9,12,2017,80,2017-09-12
"987",9,13,2017,100,2017-09-13
"988",9,14,2017,79,2017-09-14
"989",9,15,2017,84,2017-09-15
"990",9,16,2017,80,2017-09-16
"991",9,17,2017,88,2017-09-17
"992",9,18,2017,78,2017-09-18
"993",9,19,2017,75,2017-09-19
"994",9,20,2017,106,2017-09-20
"995",9,21,2017,124,2017-09-21
"996",9,22,2017,110,2017-09-22
"997",9,23,2017,109,2017-09-23
"998",9,24,2017,122,2017-09-24
"999",9,25,2017,137,2017-09-25
"1000",9,26,2017,132,2017-09-26
"1001",9,27,2017,122,2017-09-27
"1002",9,28,2017,112,2017-09-28
"1003",9,29,2017,131,2017-09-29
"1004",9,30,2017,132,2017-09-30
"1005",10,1,2017,104,2017-10-01
"1006",10,2,2017,108,2017-10-02
"1007",10,3,2017,121,2017-10-03
"1008",10,4,2017,117,2017-10-04
"1009",10,5,2017,112,2017-10-05
"1010",10,6,2017,126,2017-10-06
"1011",10,7,2017,106,2017-10-07
"1012",10,8,2017,97,2017-10-08
"1013",10,9,2017,90,2017-10-09
"1014",10,10,2017,97,2017-10-10
"1015",10,11,2017,98,2017-10-11
"1016",10,12,2017,93,2017-10-12
"1017",10,13,2017,98,2017-10-13
"1018",10,14,2017,101,2017-10-14
"1019",10,15,2017,94,2017-10-15
"1020",10,16,2017,77,2017-10-16
"1021",10,17,2017,86,2017-10-17
"1022",10,18,2017,90,2017-10-18
"1023",10,19,2017,107,2017-10-19
"1024",10,20,2017,87,2017-10-20
"1025",10,21,2017,84,2017-10-21
"1026",10,22,2017,102,2017-10-22
"1027",10,23,2017,97,2017-10-23
"1028",10,24,2017,98,2017-10-24
"1029",10,25,2017,94,2017-10-25
"1030",10,26,2017,96,2017-10-26
"1031",10,27,2017,107,2017-10-27
"1032",10,28,2017,100,2017-10-28
"1033",10,29,2017,88,2017-10-29
"1034",10,30,2017,95,2017-10-30
"1035",10,31,2017,70,2017-10-31
"1036",11,1,2017,82,2017-11-01
"1037",11,2,2017,95,2017-11-02
"1038",11,3,2017,72,2017-11-03
"1039",11,4,2017,91,2017-11-04
"1040",11,5,2017,83,2017-11-05
"1041",11,6,2017,83,2017-11-06
"1042",11,7,2017,88,2017-11-07
"1043",11,8,2017,85,2017-11-08
"1044",11,9,2017,82,2017-11-09
"1045",11,10,2017,79,2017-11-10
"1046",11,11,2017,99,2017-11-11
"1047",11,12,2017,87,2017-11-12
"1048",11,13,2017,84,2017-11-13
"1049",11,14,2017,87,2017-11-14
"1050",11,15,2017,86,2017-11-15
"1051",11,16,2017,75,2017-11-16
"1052",11,17,2017,98,2017-11-17
"1053",11,18,2017,96,2017-11-18
"1054",11,19,2017,77,2017-11-19
"1055",11,20,2017,98,2017-11-20
"1056",11,21,2017,81,2017-11-21
"1057",11,22,2017,95,2017-11-22
"1058",11,23,2017,87,2017-11-23
"1059",11,24,2017,115,2017-11-24
"1060",11,25,2017,86,2017-11-25
"1061",11,26,2017,80,2017-11-26
"1062",11,27,2017,102,2017-11-27
"1063",11,28,2017,98,2017-11-28
"1064",11,29,2017,99,2017-11-29
"1065",11,30,2017,101,2017-11-30
"1066",12,1,2017,91,2017-12-01
"1067",12,2,2017,88,2017-12-02
"1068",12,3,2017,80,2017-12-03
"1069",12,4,2017,100,2017-12-04
"1070",12,5,2017,81,2017-12-05
"1071",12,6,2017,85,2017-12-06
"1072",12,7,2017,91,2017-12-07
"1073",12,8,2017,93,2017-12-08
"1074",12,9,2017,87,2017-12-09
"1075",12,10,2017,93,2017-12-10
"1076",12,11,2017,98,2017-12-11
"1077",12,12,2017,71,2017-12-12
"1078",12,13,2017,101,2017-12-13
"1079",12,14,2017,107,2017-12-14
"1080",12,15,2017,88,2017-12-15
"1081",12,16,2017,94,2017-12-16
"1082",12,17,2017,92,2017-12-17
"1083",12,18,2017,94,2017-12-18
"1084",12,19,2017,82,2017-12-19
"1085",12,20,2017,76,2017-12-20
"1086",12,21,2017,95,2017-12-21
"1087",12,22,2017,105,2017-12-22
"1088",12,23,2017,106,2017-12-23
"1089",12,24,2017,80,2017-12-24
"1090",12,25,2017,79,2017-12-25
"1091",12,26,2017,103,2017-12-26
"1092",12,27,2017,95,2017-12-27
"1093",12,28,2017,93,2017-12-28
"1094",12,29,2017,83,2017-12-29
"1095",12,30,2017,87,2017-12-30
"1096",12,31,2017,102,2017-12-31
"1097",1,1,2018,95,2018-01-01
"1098",1,2,2018,107,2018-01-02
"1099",1,3,2018,92,2018-01-03
"1100",1,4,2018,108,2018-01-04
"1101",1,5,2018,94,2018-01-05
"1102",1,6,2018,87,2018-01-06
"1103",1,7,2018,97,2018-01-07
"1104",1,8,2018,85,2018-01-08
"1105",1,9,2018,91,2018-01-09
"1106",1,10,2018,89,2018-01-10
"1107",1,11,2018,94,2018-01-11
"1108",1,12,2018,92,2018-01-12
"1109",1,13,2018,107,2018-01-13
"1110",1,14,2018,90,2018-01-14
"1111",1,15,2018,93,2018-01-15
"1112",1,16,2018,103,2018-01-16
"1113",1,17,2018,83,2018-01-17
"1114",1,18,2018,96,2018-01-18
"1115",1,19,2018,75,2018-01-19
"1116",1,20,2018,99,2018-01-20
"1117",1,21,2018,91,2018-01-21
"1118",1,22,2018,95,2018-01-22
"1119",1,23,2018,67,2018-01-23
"1120",1,24,2018,93,2018-01-24
"1121",1,25,2018,86,2018-01-25
"1122",1,26,2018,93,2018-01-26
"1123",1,27,2018,86,2018-01-27
"1124",1,28,2018,91,2018-01-28
"1125",1,29,2018,88,2018-01-29
"1126",1,30,2018,82,2018-01-30
"1127",1,31,2018,72,2018-01-31
"1128",2,1,2018,82,2018-02-01
"1129",2,2,2018,113,2018-02-02
"1130",2,3,2018,93,2018-02-03
"1131",2,4,2018,76,2018-02-04
"1132",2,5,2018,67,2018-02-05
"1133",2,6,2018,90,2018-02-06
"1134",2,7,2018,79,2018-02-07
"1135",2,8,2018,81,2018-02-08
"1136",2,9,2018,104,2018-02-09
"1137",2,10,2018,99,2018-02-10
"1138",2,11,2018,86,2018-02-11
"1139",2,12,2018,85,2018-02-12
"1140",2,13,2018,89,2018-02-13
"1141",2,14,2018,91,2018-02-14
"1142",2,15,2018,86,2018-02-15
"1143",2,16,2018,83,2018-02-16
"1144",2,17,2018,78,2018-02-17
"1145",2,18,2018,76,2018-02-18
"1146",2,19,2018,87,2018-02-19
"1147",2,20,2018,71,2018-02-20
"1148",2,21,2018,85,2018-02-21
"1149",2,22,2018,89,2018-02-22
"1150",2,23,2018,81,2018-02-23
"1151",2,24,2018,96,2018-02-24
"1152",2,25,2018,97,2018-02-25
"1153",2,26,2018,95,2018-02-26
"1154",2,27,2018,99,2018-02-27
"1155",2,28,2018,90,2018-02-28
"1156",3,1,2018,110,2018-03-01
"1157",3,2,2018,95,2018-03-02
"1158",3,3,2018,103,2018-03-03
"1159",3,4,2018,85,2018-03-04
"1160",3,5,2018,94,2018-03-05
"1161",3,6,2018,90,2018-03-06
"1162",3,7,2018,80,2018-03-07
"1163",3,8,2018,79,2018-03-08
"1164",3,9,2018,79,2018-03-09
"1165",3,10,2018,84,2018-03-10
"1166",3,11,2018,96,2018-03-11
"1167",3,12,2018,94,2018-03-12
"1168",3,13,2018,99,2018-03-13
"1169",3,14,2018,94,2018-03-14
"1170",3,15,2018,85,2018-03-15
"1171",3,16,2018,92,2018-03-16
"1172",3,17,2018,63,2018-03-17
"1173",3,18,2018,78,2018-03-18
"1174",3,19,2018,81,2018-03-19
"1175",3,20,2018,79,2018-03-20
"1176",3,21,2018,85,2018-03-21
"1177",3,22,2018,80,2018-03-22
"1178",3,23,2018,95,2018-03-23
"1179",3,24,2018,79,2018-03-24
"1180",3,25,2018,81,2018-03-25
"1181",3,26,2018,66,2018-03-26
"1182",3,27,2018,83,2018-03-27
"1183",3,28,2018,80,2018-03-28
"1184",3,29,2018,65,2018-03-29
"1185",3,30,2018,89,2018-03-30
"1186",3,31,2018,80,2018-03-31
"1187",4,1,2018,87,2018-04-01
"1188",4,2,2018,65,2018-04-02
"1189",4,3,2018,67,2018-04-03
"1190",4,4,2018,88,2018-04-04
"1191",4,5,2018,93,2018-04-05
"1192",4,6,2018,84,2018-04-06
"1193",4,7,2018,76,2018-04-07
"1194",4,8,2018,67,2018-04-08
"1195",4,9,2018,78,2018-04-09
"1196",4,10,2018,68,2018-04-10
"1197",4,11,2018,75,2018-04-11
"1198",4,12,2018,77,2018-04-12
"1199",4,13,2018,78,2018-04-13
"1200",4,14,2018,67,2018-04-14
"1201",4,15,2018,75,2018-04-15
"1202",4,16,2018,66,2018-04-16
"1203",4,17,2018,70,2018-04-17
"1204",4,18,2018,80,2018-04-18
"1205",4,19,2018,72,2018-04-19
"1206",4,20,2018,67,2018-04-20
"1207",4,21,2018,70,2018-04-21
"1208",4,22,2018,71,2018-04-22
"1209",4,23,2018,67,2018-04-23
"1210",4,24,2018,53,2018-04-24
"1211",4,25,2018,77,2018-04-25
"1212",4,26,2018,77,2018-04-26
"1213",4,27,2018,69,2018-04-27
"1214",4,28,2018,80,2018-04-28
"1215",4,29,2018,82,2018-04-29
"1216",4,30,2018,72,2018-04-30
"1217",5,1,2018,83,2018-05-01
"1218",5,2,2018,65,2018-05-02
"1219",5,3,2018,71,2018-05-03
"1220",5,4,2018,67,2018-05-04
"1221",5,5,2018,82,2018-05-05
"1222",5,6,2018,82,2018-05-06
"1223",5,7,2018,78,2018-05-07
"1224",5,8,2018,83,2018-05-08
"1225",5,9,2018,66,2018-05-09
"1226",5,10,2018,80,2018-05-10
"1227",5,11,2018,80,2018-05-11
"1228",5,12,2018,81,2018-05-12
"1229",5,13,2018,74,2018-05-13
"1230",5,14,2018,68,2018-05-14
"1231",5,15,2018,73,2018-05-15
"1232",5,16,2018,59,2018-05-16
"1233",5,17,2018,72,2018-05-17
"1234",5,18,2018,73,2018-05-18
"1235",5,19,2018,62,2018-05-19
"1236",5,20,2018,65,2018-05-20
"1237",5,21,2018,63,2018-05-21
"1238",5,22,2018,57,2018-05-22
"1239",5,23,2018,61,2018-05-23
"1240",5,24,2018,38,2018-05-24
"1241",5,25,2018,60,2018-05-25
"1242",5,26,2018,46,2018-05-26
"1243",5,27,2018,47,2018-05-27
"1244",5,28,2018,29,2018-05-28
"1245",5,29,2018,19,2018-05-29
"1246",5,30,2018,8,2018-05-30
"1247",5,31,2018,0,2018-05-31
"1248",6,1,2018,0,2018-06-01
"1249",6,2,2018,0,2018-06-02
"1250",6,3,2018,0,2018-06-03
"1251",6,4,2018,0,2018-06-04
"1252",6,5,2018,0,2018-06-05
"1253",6,6,2018,0,2018-06-06
"1254",6,7,2018,0,2018-06-07
"1255",6,8,2018,0,2018-06-08
"1256",6,9,2018,0,2018-06-09
"1257",6,10,2018,0,2018-06-10
"1258",6,11,2018,0,2018-06-11
"1259",6,12,2018,0,2018-06-12
"1260",6,13,2018,0,2018-06-13
"1261",6,14,2018,0,2018-06-14
"1262",6,15,2018,0,2018-06-15
"1263",6,16,2018,0,2018-06-16
"1264",6,17,2018,0,2018-06-17
"1265",6,18,2018,0,2018-06-18
"1266",6,19,2018,0,2018-06-19
"1267",6,20,2018,0,2018-06-20
"1268",6,21,2018,0,2018-06-21
"1269",6,22,2018,0,2018-06-22
"1270",6,23,2018,0,2018-06-23
"1271",6,24,2018,0,2018-06-24
"1272",6,25,2018,0,2018-06-25
"1273",6,26,2018,0,2018-06-26
"1274",6,27,2018,0,2018-06-27
"1275",6,28,2018,0,2018-06-28
"1276",6,29,2018,0,2018-06-29
"1277",6,30,2018,0,2018-06-30
"1278",7,1,2018,0,2018-07-01
"1279",7,2,2018,0,2018-07-02
"1280",7,3,2018,0,2018-07-03
"1281",7,4,2018,0,2018-07-04
"1282",7,5,2018,0,2018-07-05
"1283",7,6,2018,0,2018-07-06
"1284",7,7,2018,0,2018-07-07
"1285",7,8,2018,0,2018-07-08
"1286",7,9,2018,0,2018-07-09
"1287",7,10,2018,0,2018-07-10
"1288",7,11,2018,0,2018-07-11
"1289",7,12,2018,0,2018-07-12
"1290",7,13,2018,0,2018-07-13
"1291",7,14,2018,0,2018-07-14
"1292",7,15,2018,0,2018-07-15
"1293",7,16,2018,0,2018-07-16
"1294",7,17,2018,0,2018-07-17
"1295",7,18,2018,0,2018-07-18
"1296",7,19,2018,0,2018-07-19
"1297",7,20,2018,0,2018-07-20
"1298",7,21,2018,0,2018-07-21
"1299",7,22,2018,0,2018-07-22
"1300",7,23,2018,0,2018-07-23
"1301",7,24,2018,0,2018-07-24
"1302",7,25,2018,0,2018-07-25
"1303",7,26,2018,0,2018-07-26
"1304",7,27,2018,0,2018-07-27
"1305",7,28,2018,0,2018-07-28
"1306",7,29,2018,0,2018-07-29
"1307",7,30,2018,0,2018-07-30
"1308",7,31,2018,0,2018-07-31
"1309",8,1,2018,0,2018-08-01
"1310",8,2,2018,0,2018-08-02
"1311",8,3,2018,0,2018-08-03
"1312",8,4,2018,0,2018-08-04
"1313",8,5,2018,0,2018-08-05
"1314",8,6,2018,0,2018-08-06
"1315",8,7,2018,0,2018-08-07
"1316",8,8,2018,0,2018-08-08
"1317",8,9,2018,0,2018-08-09
"1318",8,10,2018,0,2018-08-10
"1319",8,11,2018,0,2018-08-11
"1320",8,12,2018,0,2018-08-12
"1321",8,13,2018,0,2018-08-13
"1322",8,14,2018,0,2018-08-14
"1323",8,15,2018,0,2018-08-15
"1324",8,16,2018,0,2018-08-16
"1325",8,17,2018,0,2018-08-17
"1326",8,18,2018,0,2018-08-18
"1327",8,19,2018,0,2018-08-19
"1328",8,20,2018,0,2018-08-20
"1329",8,21,2018,0,2018-08-21
"1330",8,22,2018,0,2018-08-22
"1331",8,23,2018,0,2018-08-23
"1332",8,24,2018,0,2018-08-24
"1333",8,25,2018,0,2018-08-25
"1334",8,26,2018,0,2018-08-26
"1335",8,27,2018,0,2018-08-27
"1336",8,28,2018,0,2018-08-28
"1337",8,29,2018,0,2018-08-29
"1338",8,30,2018,0,2018-08-30
"1339",8,31,2018,0,2018-08-31
"1340",9,1,2018,0,2018-09-01
"1341",9,2,2018,0,2018-09-02
"1342",9,3,2018,0,2018-09-03
"1343",9,4,2018,0,2018-09-04
"1344",9,5,2018,0,2018-09-05
"1345",9,6,2018,0,2018-09-06
"1346",9,7,2018,0,2018-09-07
"1347",9,8,2018,0,2018-09-08
"1348",9,9,2018,0,2018-09-09
"1349",9,10,2018,0,2018-09-10
"1350",9,11,2018,0,2018-09-11
"1351",9,12,2018,0,2018-09-12
"1352",9,13,2018,0,2018-09-13
"1353",9,14,2018,0,2018-09-14
"1354",9,15,2018,0,2018-09-15
"1355",9,16,2018,0,2018-09-16
"1356",9,17,2018,0,2018-09-17
"1357",9,18,2018,0,2018-09-18
"1358",9,19,2018,0,2018-09-19
"1359",9,20,2018,0,2018-09-20
"1360",9,21,2018,0,2018-09-21
"1361",9,22,2018,0,2018-09-22
"1362",9,23,2018,0,2018-09-23
"1363",9,24,2018,0,2018-09-24
"1364",9,25,2018,0,2018-09-25
"1365",9,26,2018,0,2018-09-26
"1366",9,27,2018,0,2018-09-27
"1367",9,28,2018,0,2018-09-28
"1368",9,29,2018,0,2018-09-29
"1369",9,30,2018,0,2018-09-30
"1370",10,1,2018,0,2018-10-01
"1371",10,2,2018,0,2018-10-02
"1372",10,3,2018,0,2018-10-03
"1373",10,4,2018,0,2018-10-04
"1374",10,5,2018,0,2018-10-05
"1375",10,6,2018,0,2018-10-06
"1376",10,7,2018,0,2018-10-07
"1377",10,8,2018,0,2018-10-08
"1378",10,9,2018,0,2018-10-09
"1379",10,10,2018,0,2018-10-10
"1380",10,11,2018,0,2018-10-11
"1381",10,12,2018,0,2018-10-12
"1382",10,13,2018,0,2018-10-13
"1383",10,14,2018,0,2018-10-14
"1384",10,15,2018,0,2018-10-15
"1385",10,16,2018,0,2018-10-16
"1386",10,17,2018,0,2018-10-17
"1387",10,18,2018,0,2018-10-18
"1388",10,19,2018,0,2018-10-19
"1389",10,20,2018,0,2018-10-20
"1390",10,21,2018,0,2018-10-21
"1391",10,22,2018,0,2018-10-22
"1392",10,23,2018,0,2018-10-23
"1393",10,24,2018,0,2018-10-24
"1394",10,25,2018,0,2018-10-25
"1395",10,26,2018,0,2018-10-26
"1396",10,27,2018,0,2018-10-27
"1397",10,28,2018,0,2018-10-28
"1398",10,29,2018,0,2018-10-29
"1399",10,30,2018,0,2018-10-30
"1400",10,31,2018,0,2018-10-31
"1401",11,1,2018,0,2018-11-01
"1402",11,2,2018,0,2018-11-02
"1403",11,3,2018,0,2018-11-03
"1404",11,4,2018,0,2018-11-04
"1405",11,5,2018,0,2018-11-05
"1406",11,6,2018,0,2018-11-06
"1407",11,7,2018,0,2018-11-07
"1408",11,8,2018,0,2018-11-08
"1409",11,9,2018,0,2018-11-09
"1410",11,10,2018,0,2018-11-10
"1411",11,11,2018,0,2018-11-11
"1412",11,12,2018,0,2018-11-12
"1413",11,13,2018,0,2018-11-13
"1414",11,14,2018,0,2018-11-14
"1415",11,15,2018,0,2018-11-15
"1416",11,16,2018,0,2018-11-16
"1417",11,17,2018,0,2018-11-17
"1418",11,18,2018,0,2018-11-18
"1419",11,19,2018,0,2018-11-19
"1420",11,20,2018,0,2018-11-20
"1421",11,21,2018,0,2018-11-21
"1422",11,22,2018,0,2018-11-22
"1423",11,23,2018,0,2018-11-23
"1424",11,24,2018,0,2018-11-24
"1425",11,25,2018,0,2018-11-25
"1426",11,26,2018,0,2018-11-26
"1427",11,27,2018,0,2018-11-27
"1428",11,28,2018,0,2018-11-28
"1429",11,29,2018,0,2018-11-29
"1430",11,30,2018,0,2018-11-30
"1431",12,1,2018,0,2018-12-01
"1432",12,2,2018,0,2018-12-02
"1433",12,3,2018,0,2018-12-03
"1434",12,4,2018,0,2018-12-04
"1435",12,5,2018,0,2018-12-05
"1436",12,6,2018,0,2018-12-06
"1437",12,7,2018,0,2018-12-07
"1438",12,8,2018,0,2018-12-08
"1439",12,9,2018,0,2018-12-09
"1440",12,10,2018,0,2018-12-10
"1441",12,11,2018,0,2018-12-11
"1442",12,12,2018,0,2018-12-12
"1443",12,13,2018,0,2018-12-13
"1444",12,14,2018,0,2018-12-14
"1445",12,15,2018,0,2018-12-15
"1446",12,16,2018,0,2018-12-16
"1447",12,17,2018,0,2018-12-17
"1448",12,18,2018,0,2018-12-18
"1449",12,19,2018,0,2018-12-19
"1450",12,20,2018,0,2018-12-20
"1451",12,21,2018,0,2018-12-21
"1452",12,22,2018,0,2018-12-22
"1453",12,23,2018,0,2018-12-23
"1454",12,24,2018,0,2018-12-24
"1455",12,25,2018,0,2018-12-25
"1456",12,26,2018,0,2018-12-26
"1457",12,27,2018,0,2018-12-27
"1458",12,28,2018,0,2018-12-28
"1459",12,29,2018,0,2018-12-29
"1460",12,30,2018,0,2018-12-30
"1461",12,31,2018,0,2018-12-31
